H1,H2,H3,H4
19.197,18.102,8.1,6.5614
18.942,18.171,7.8178,6.519
19.181,18.08,8.0424,6.4929
19.064,17.861,7.8436,6.312
19.351,18.301,8.0958,6.6046
19.861,18.332,8.4158,6.667
20.131,18.505,8.5925,6.7839
20.35,18.587,8.7299,6.8523
20.15,18.336,8.4191,6.6168
20.58,18.387,8.6648,6.6989
20.771,18.638,8.7967,6.8428
20.873,18.925,8.8827,6.9832
20.705,18.505,8.5772,6.6786
20.807,18.778,8.6964,6.8371
20.522,18.462,8.3772,6.5889
20.291,18.313,8.1194,6.4311
20.05,18.088,7.8927,6.2692
19.636,17.761,7.6335,6.0914
19.541,17.82,7.5182,6.0711
19.787,18.131,7.8228,6.3246
20.027,18.249,8.0823,6.4768
20.232,18.502,8.2947,6.6533
19.928,18.111,8.0144,6.4021
19.869,18.029,7.8555,6.2878
20.012,18.173,8.0781,6.4516
20.544,18.335,8.4046,6.5986
20.209,18.359,8.1067,6.494
19.85,17.938,7.8376,6.2546
19.589,17.453,7.6351,6.0196
19.839,17.793,7.9227,6.2797
19.978,18.124,8.1318,6.5024
20.053,18.333,8.2889,6.6551
20.261,18.48,8.469,6.7676
20.056,18.239,8.1953,6.5479
20.078,18.321,8.3258,6.653
20.511,18.782,8.5795,6.8738
20.139,18.718,8.2388,6.7071
20.27,18.957,8.4033,6.8553
19.865,18.575,8.0708,6.5874
20.068,19.078,8.2784,6.8437
19.878,18.992,8.0348,6.6845
20.287,19.105,8.3217,6.8021
20.383,19.276,8.4656,6.9237
20.225,19.09,8.2132,6.7228
20.307,19.179,8.3681,6.8284
20.363,19.335,8.491,6.9429
20.722,19.498,8.702,7.0458
20.531,19.366,8.4119,6.8502
20.06,19.114,8.064,6.6418
20.42,19.211,8.3357,6.7649
20.003,19.06,8.0154,6.6014
19.833,18.7,7.8207,6.3873
19.394,18.648,7.5574,6.3071
19.347,18.169,7.4628,6.0887
18.897,17.719,7.239,5.9025
18.723,17.406,7.1362,5.7826
18.883,17.452,7.4457,5.9796
18.838,17.223,7.3504,5.8665
18.583,17.092,7.1968,5.7999
18.835,17.523,7.5231,6.1178
19.376,17.722,7.9022,6.3134
18.969,17.334,7.6216,6.0964
19.222,17.559,7.8893,6.2984
19.032,17.33,7.6795,6.1324
19.024,17.237,7.5619,6.0346
19.297,17.395,7.849,6.2208
19.557,17.619,8.0925,6.4029
19.768,17.718,8.2882,6.5183
19.897,17.96,8.431,6.6661
20.113,17.956,8.5853,6.7129
20,17.967,8.3186,6.5713
19.812,17.93,8.0662,6.4379
19.934,18.033,8.2441,6.5584
19.74,17.88,7.9997,6.3897
19.911,18.133,8.2035,6.5689
19.82,17.897,8.0012,6.3731
19.629,17.579,7.7945,6.1743
19.355,17.246,7.5867,5.9944
19.601,17.418,7.8726,6.1925
19.186,17.27,7.601,6.0683
19.304,17.273,7.8326,6.1957
19.542,17.772,8.0719,6.4731
19.92,17.982,8.3281,6.6195
20.089,18.474,8.4837,6.8444
19.843,18.275,8.1871,6.6255
20.176,18.442,8.4201,6.7481
20.012,18.449,8.1655,6.6156
19.823,18.004,7.9389,6.3498
19.594,17.862,7.7295,6.2203
19.267,17.738,7.5127,6.1153
19.435,17.98,7.7802,6.3341
19.518,18.182,7.9784,6.5085
19.409,17.726,7.7931,6.2486
19.255,17.682,7.6195,6.1613
18.809,17.367,7.3673,5.9936
19.104,17.56,7.6878,6.2035
19.42,17.824,7.971,6.4082
19.416,17.979,8.1075,6.5484
19.16,17.692,7.8455,6.3337
18.892,17.549,7.6141,6.1956
18.715,17.37,7.4438,6.0647
18.932,17.492,7.72,6.2374
19.208,17.753,7.9773,6.4327
19.549,18.066,8.2246,6.6207
19.41,18.062,7.9881,6.493
19.625,18.358,8.1972,6.6755
19.314,18.115,7.9084,6.4665
19.472,18.207,8.1075,6.5845
19.995,18.272,8.406,6.6766
19.671,17.996,8.0917,6.453
19.701,18.258,8.2284,6.6284
19.606,18.198,8.3002,6.6712
19.432,17.99,8.0413,6.4694
19.94,18.074,8.3451,6.5799
19.988,18.289,8.456,6.7199
19.698,18.146,8.1451,6.5356
19.953,18.415,8.3526,6.7043
20.267,18.501,8.5559,6.7901
19.92,18.429,8.2185,6.6255
19.652,18.208,7.9522,6.435
19.577,17.838,7.7887,6.2176
19.243,17.526,7.5588,6.046
19.607,17.56,7.8872,6.1958
19.523,17.678,7.7295,6.1693
19.244,17.344,7.5273,5.9934
19.286,17.738,7.7469,6.2732
18.936,17.672,7.5081,6.1738
18.719,17.509,7.3439,6.0565
19.025,17.532,7.6689,6.2013
18.699,17.505,7.4423,6.121
18.641,17.329,7.3363,6.0029
18.757,17.385,7.5925,6.1624
18.622,17.188,7.4357,6.0254
18.969,17.516,7.755,6.2705
19.021,17.911,7.9305,6.5067
19.552,18.207,8.2434,6.6816
19.258,18.187,7.9509,6.5425
18.968,17.985,7.6976,6.3647
19.266,18.246,7.9681,6.5543
19.073,17.961,7.7457,6.3478
18.851,17.877,7.5439,6.2373
19.235,17.933,7.8667,6.3742
19.036,17.709,7.6583,6.2093
18.775,17.561,7.4565,6.0923
18.983,18.12,7.7292,6.4195
18.74,17.931,7.5196,6.2653
18.413,17.628,7.3078,6.0922
18.253,17.201,7.179,5.8957
18.416,17.309,7.4643,6.0875
18.735,17.752,7.7612,6.3658
18.583,17.486,7.5684,6.1819
18.791,17.68,7.8153,6.3635
18.81,17.395,7.6744,6.171
18.646,17.258,7.4953,6.0538
18.821,17.397,7.7451,6.2305
18.715,17.374,7.5743,6.1422
18.492,17.001,7.3884,5.9473
18.895,17.175,7.7307,6.1461
18.743,17.017,7.5491,6.0185
18.626,16.711,7.4057,5.8566
18.781,16.774,7.6631,6.0227
19.181,17.05,7.9677,6.2359
19.005,16.897,7.7483,6.0895
19.219,17.32,7.982,6.3462
19.019,17.043,7.7533,6.1475
18.631,16.719,7.4903,5.9573
18.429,16.485,7.3231,5.8207
18.807,16.737,7.6661,6.0514
18.773,16.707,7.5334,5.9694
18.662,16.446,7.3959,5.8212
18.677,16.721,7.6075,6.0584
18.598,16.555,7.4643,5.9276
18.377,16.565,7.2938,5.8751
18.461,17.109,7.5364,6.2001
18.339,16.965,7.3823,6.0652
18.686,17.114,7.7004,6.2338
18.626,17.09,7.5481,6.1342
18.47,17.021,7.3863,6.0363
18.332,16.964,7.2535,5.9577
18.745,17.182,7.6167,6.1688
19.002,17.37,7.8782,6.3401
18.694,17.239,7.6218,6.194
18.742,16.973,7.5209,6.0229
19.024,17.285,7.8076,6.2552
18.988,17.339,7.6577,6.1853
18.708,17.039,7.4478,6.0068
18.954,17.327,7.7328,6.2365
18.914,17.229,7.5922,6.1185
18.827,17.033,7.4581,5.9844
18.74,16.949,7.344,5.9063
18.46,16.751,7.1789,5.7995
18.606,16.97,7.4662,6.0318
18.641,17.149,7.6711,6.2166
18.545,16.89,7.5098,6.0408
18.696,17.276,7.7452,6.2929
18.402,17.164,7.5049,6.1584
18.735,17.486,7.7989,6.3771
18.483,17.126,7.5654,6.15
18.285,17.065,7.3808,6.0532
18.663,17.241,7.7079,6.2366
18.59,17.237,7.5492,6.1481
18.258,16.756,7.325,5.9103
18.723,17.083,7.691,6.1605
19.054,17.286,7.9647,6.3353
19.49,17.57,8.2408,6.5143
19.274,17.417,7.973,6.3372
19.571,17.72,8.2079,6.5271
19.263,17.667,7.917,6.3873
19.001,17.345,7.6791,6.1773
18.709,16.856,7.4612,5.9345
18.458,16.792,7.2847,5.8664
18.363,16.736,7.1847,5.811
18.624,16.747,7.5078,5.9676
18.667,16.757,7.4228,5.9152
18.389,16.73,7.242,5.8593
18.532,16.924,7.5149,6.0716
18.359,16.845,7.3496,5.9754
18.573,16.892,7.6276,6.1207
18.873,17.293,7.8955,6.3636
18.541,17.218,7.6235,6.2298
18.38,17.002,7.4441,6.0689
18.029,16.875,7.2234,5.9595
18.273,17.223,7.521,6.2126
18.583,17.608,7.7994,6.4454
18.749,17.956,7.9928,6.6383
19.062,18.357,8.2107,6.8277
18.944,18.443,7.966,6.7048
18.993,18.232,7.8157,6.5047
19.177,18.53,8.0274,6.6917
19.065,18.393,7.8199,6.5222
18.9,18.059,7.6251,6.309
18.52,17.986,7.3818,6.2129
18.769,18.001,7.6727,6.3429
18.497,17.615,7.4544,6.1296
18.75,17.749,7.7329,6.3033
18.786,17.936,7.8981,6.4701
18.769,17.855,7.7306,6.3382
18.858,18.094,7.9153,6.5205
19.15,18.416,8.143,6.7081
19.289,18.541,8.2905,6.8071
19.156,18.199,8.0359,6.5479
19.456,18.593,8.2572,6.7598
19.112,18.327,7.9411,6.5361
18.913,18.094,7.7153,6.3534
19.455,18.212,8.0671,6.499
19.559,18.277,8.2258,6.6054
19.301,18.164,7.9485,6.4507
19.048,17.919,7.7096,6.273
18.714,17.615,7.4738,6.0974
19.009,18.086,7.7721,6.3956
18.755,17.894,7.5521,6.2433
18.686,17.562,7.4255,6.0625
18.654,17.865,7.6157,6.3054
19.088,17.924,7.9358,6.4316
19.052,17.818,7.7667,6.2969
18.746,17.976,7.5316,6.2741
18.67,17.54,7.4056,6.0546
18.955,17.728,7.7103,6.258
18.78,17.448,7.5266,6.0872
18.974,17.611,7.7828,6.2732
18.48,17.148,7.4769,6.0324
18.636,17.52,7.7171,6.2903
19.056,17.898,8.0139,6.5178
18.908,17.662,7.7917,6.3227
18.497,17.6,7.5105,6.2137
18.7,17.801,7.762,6.3957
18.461,17.54,7.5375,6.2099
18.631,17.879,7.7713,6.4386
18.512,17.815,7.5845,6.3161
18.944,18.12,7.904,6.5239
19.382,18.234,8.1872,6.6401
19.299,18.049,7.9704,6.4531
19.15,17.637,7.7639,6.2131
18.941,17.378,7.5666,6.0543
18.538,17.268,7.3268,5.967
18.347,17.193,7.1884,5.9036
18.799,17.035,7.5779,6.0003
18.644,17.093,7.4184,5.9688
19.035,17.532,7.7566,6.2593
18.587,17.103,7.4737,6.0307
18.408,16.994,7.3156,5.9377
18.074,16.907,7.1243,5.8655
18.14,16.633,7.0945,5.7383
17.961,16.455,6.9862,5.6578
18.232,16.952,7.3322,6.0023
18.174,16.837,7.2273,5.9069
18.615,17.023,7.5984,6.1119
18.8,17.343,7.8333,6.3332
18.902,17.579,8.0076,6.498
19.313,17.796,8.2617,6.6364
19.016,17.774,7.957,6.4903
18.825,17.423,7.7277,6.2568
18.492,17.163,7.4812,6.0824
18.273,17.075,7.3043,5.9902
18.402,17.128,7.5561,6.1415
18.496,17.586,7.758,6.4093
18.94,17.974,8.0514,6.6215
19.322,18.39,8.2903,6.8199
19.057,18.156,7.9913,6.5907
19.099,17.85,7.8389,6.3677
18.816,17.837,7.6007,6.2746
19.038,17.918,7.8554,6.4121
19.189,18.16,8.0506,6.585
19.44,18.234,8.2536,6.6785
19.358,17.848,8.0279,6.4156
19.451,18.024,8.1861,6.5626
19.932,18.471,8.456,6.7843
20.225,18.766,8.6339,6.9306
19.805,18.667,8.2576,6.7414
20.011,18.66,8.4334,6.7973
20.225,19.064,8.5906,6.9855
20.384,19.069,8.7107,7.0181
20.019,18.849,8.3463,6.7826
20.297,19.218,8.5405,6.968
20.538,19.451,8.7,7.0873
20.413,19.509,8.4265,6.9492
20.599,19.252,8.5894,6.9104
20.892,19.573,8.7702,7.0712
20.568,19.316,8.4284,6.8305
20.251,19.061,8.1333,6.6229
20.3,19.164,8.2902,6.7497
20.456,19.236,8.4608,6.8472
20.278,18.963,8.2052,6.6278
19.952,18.429,7.9334,6.3449
20.087,18.703,8.1432,6.5587
20.441,18.683,8.4003,6.6411
20.309,18.403,8.1699,6.4359
20.025,18.107,7.92,6.2511
20.205,18.178,8.1505,6.3982
20.01,18.056,7.9315,6.2732
19.625,17.936,7.6753,6.1668
19.881,18.033,7.9596,6.3321
19.635,17.705,7.7429,6.1419
20.089,18.063,8.0853,6.3951
19.814,17.816,7.8447,6.223
20.032,17.914,8.0937,6.3751
19.601,17.519,7.7954,6.1505
19.573,17.748,7.9584,6.3506
19.277,17.323,7.7131,6.114
19.523,17.395,7.9744,6.2592
19.237,17.267,7.7281,6.1294
19.531,17.267,8.002,6.2449
19.404,17.088,7.8066,6.0957
19.239,16.83,7.6268,5.9391
19.135,16.99,7.7779,6.1285
19.107,16.901,7.6409,6.0212
18.897,16.743,7.4626,5.906
18.639,16.373,7.2905,5.7324
18.427,16.124,7.1551,5.6189
18.445,16.331,7.1166,5.6768
17.792,16.154,6.8493,5.5976
17.504,16.087,6.7331,5.5644
17.337,15.934,6.6697,5.5052
17.042,15.809,6.5663,5.4614
16.832,15.78,6.5002,5.4546
16.849,15.89,6.5172,5.4957
16.756,15.866,6.4934,5.4864
17.306,16.184,6.9782,5.7786
17.293,15.97,6.9155,5.6635
17.111,16.015,6.8061,5.6498
17.484,16.178,7.1871,5.8644
17.96,16.953,7.5499,6.2548
18.329,17.359,7.8317,6.4775
18.507,17.54,8.0156,6.5998
19.146,17.585,8.3309,6.6618
19.718,17.768,8.5948,6.7612
19.898,18.115,8.7042,6.9055
20.265,18.538,8.8656,7.0632
20.301,18.511,8.9016,7.0554
20.44,18.718,8.9684,7.1279
20.735,18.832,9.083,7.1632
20.633,18.831,8.7625,6.9715
20.308,18.717,8.4121,6.7731
20.446,18.766,8.5566,6.8438
20.169,18.431,8.2501,6.5875
20.516,18.731,8.4904,6.7683
20.479,19.104,8.5682,6.9538
20.918,19.343,8.7992,7.0738
21.24,19.626,8.9676,7.1966
21.473,19.876,9.0892,7.2972
21.426,20.31,9.1023,7.4527
21.499,20.528,9.1535,7.5223
21.711,20.671,9.2477,7.5619
21.957,20.745,9.3464,7.5758
22.366,20.826,9.4953,7.5923
22.068,20.329,9.0988,7.2232
22.01,20.467,9.1267,7.3035
21.535,20.059,8.7137,7.0007
21.077,19.7,8.3561,6.7521
20.884,19.166,8.1363,6.4712
20.949,19.352,8.3212,6.6572
21.12,19.59,8.5158,6.8356
21.319,19.533,8.6945,6.8877
21.361,19.584,8.7957,6.9672
21.772,19.585,9.0114,7.0176
21.748,19.583,9.0553,7.059
22.068,20.007,9.2112,7.2412
22.287,20.035,9.3183,7.2698
22.444,20.181,9.3947,7.3357
22.287,19.834,9.066,7.0398
21.815,19.377,8.6736,6.7432
21.73,19.008,8.466,6.5121
22,19.139,8.7005,6.6659
22.025,19.143,8.8189,6.7528
21.454,18.766,8.4223,6.5099
21.477,18.86,8.5658,6.6426
21.81,19.052,8.7964,6.7904
21.542,19.223,8.7897,6.9123
21.696,19.457,8.923,7.0409
21.71,19.637,8.9913,7.1375
21.848,19.745,9.0929,7.199
22.291,19.964,9.2893,7.2922
22.344,20.205,9.3343,7.3849
21.734,19.807,8.8535,7.0642
21.91,19.817,8.9913,7.1086
22.102,20.022,9.1188,7.2147
21.643,19.855,8.7162,6.9966
21.641,20.06,8.8098,7.1224
21.428,19.66,8.5277,6.8392
21.171,19.421,8.2686,6.6474
21.261,19.684,8.4512,6.8385
21.261,19.802,8.5745,6.9544
21.718,19.88,8.8396,7.041
21.684,20.066,8.9054,7.1534
21.721,20.288,8.9841,7.2656
21.897,20.54,9.1003,7.3768
21.903,20.553,9.1448,7.3952
21.123,20.143,8.6193,7.0796
21.069,19.653,8.4062,6.7747
20.945,19.771,8.4859,6.9007
20.642,19.36,8.1998,6.6411
20.46,19.052,7.9935,6.4488
20.188,18.755,7.7833,6.2832
20.39,18.638,8.0513,6.3796
20.284,18.436,7.8871,6.2457
20.236,18.666,8.0525,6.4611
20.49,18.881,8.2945,6.6412
20.639,19.071,8.4689,6.7893
20.632,19.155,8.566,6.8818
20.751,19.122,8.6911,6.9215
20.9,19.228,8.8102,7.0013
20.789,19.007,8.5362,6.7735
20.749,19.273,8.6159,6.93
20.473,18.938,8.3107,6.6761
20.248,18.6,8.0644,6.4529
20.349,18.805,8.251,6.6294
20.581,18.868,8.4565,6.7322
20.157,18.565,8.12,6.5096
20.076,18.226,7.9448,6.3023
19.757,17.981,7.7117,6.1527
19.776,18.307,7.9105,6.403
19.829,18.622,8.0887,6.6161
20.028,18.867,8.2908,6.7786
20.193,19.109,8.4548,6.9207
20.393,19.118,8.6099,6.967
20.398,18.697,8.3904,6.6728
20.049,18.509,8.0844,6.4946
20.228,18.194,8.0026,6.2964
20.456,18.376,8.2439,6.4777
19.933,18.217,7.9032,6.3328
19.986,18.499,8.0886,6.5435
19.575,18.276,7.7959,6.3688
19.714,18.458,8.0164,6.5404
19.826,18.727,8.1955,6.7188
19.592,18.69,7.9414,6.5857
19.998,18.995,8.2318,6.7762
20.182,19.08,8.4111,6.8688
20.285,19.24,8.5394,6.9748
20.42,19.268,8.6616,7.0228
20.202,19.125,8.3578,6.8196
20.375,19.303,8.5199,6.9413
20.5,19.347,8.6447,7.002
20.141,19.069,8.2972,6.7584
19.854,18.809,8.019,6.5528
19.744,18.622,7.8394,6.3998
19.783,18.56,7.7397,6.3114
19.285,18.353,7.4675,6.1853
19.492,18.208,7.7575,6.276
19.238,17.994,7.5579,6.141
19.062,17.963,7.4108,6.0871
19.23,18.189,7.6882,6.3126
19.685,18.477,8.0246,6.5277
19.81,18.466,8.2067,6.6126
19.79,18.256,8.0233,6.4292
19.631,17.906,7.8228,6.2221
20.043,18.156,8.1363,6.4303
19.718,17.749,7.8684,6.2
19.933,18.032,8.1087,6.4182
20.259,18.375,8.3551,6.6286
20.55,18.523,8.5603,6.7475
20.645,18.858,8.6751,6.9154
20.453,18.598,8.386,6.6764
20.128,18.307,8.0911,6.4585
20.071,18.769,8.2132,6.7136
19.7,18.62,7.9166,6.5444
19.722,18.91,8.0798,6.7352
20.14,19.396,8.3564,6.9707
19.761,19.128,8.0363,6.7373
20.117,19.23,8.2996,6.8466
20.061,18.956,8.1008,6.6267
19.809,18.734,7.8648,6.4534
19.688,18.592,7.7058,6.3307
19.864,18.719,7.9588,6.5004
19.899,18.889,8.126,6.66
20.014,19.103,8.295,6.8132
19.587,18.928,7.9641,6.6288
19.55,19.117,8.0953,6.7802
19.582,18.735,7.9409,6.5304
19.34,18.628,7.7177,6.4065
19.17,18.264,7.549,6.2105
19.227,18.342,7.7675,6.3726
18.817,18.25,7.5017,6.268
18.714,17.957,7.3744,6.1085
18.578,17.834,7.2537,6.0269
18.729,18.001,7.534,6.2378
18.882,18.31,7.7728,6.467
18.584,17.768,7.5333,6.1895
18.811,18.124,7.7925,6.4353
19.093,18.309,8.0354,6.5915
18.796,18.186,7.7598,6.4364
18.511,18.236,7.5232,6.3637
18.218,18.077,7.3138,6.2336
18.472,18.204,7.6065,6.4027
18.784,18.22,7.8786,6.5084
18.611,17.798,7.6607,6.2617
18.495,17.4,7.493,6.0516
18.633,17.556,7.7247,6.2391
18.834,17.957,7.9444,6.4849
18.7,17.821,7.7306,6.3323
18.973,17.978,7.9764,6.486
19.097,17.683,7.8517,6.2789
18.797,17.296,7.6057,6.0657
19.127,17.489,7.8968,6.2605
18.854,17.436,7.6536,6.1599
19.477,17.957,8.041,6.4568
19.698,18.037,8.2455,6.5677
19.387,17.818,7.952,6.3745
19.553,18.17,8.1489,6.5886
19.313,17.877,7.8903,6.3709
19.533,18.064,8.1138,6.5305
19.375,17.682,7.8892,6.2882
19.836,18.059,8.1995,6.5215
19.718,18.024,7.9853,6.401
19.43,17.962,7.7434,6.2907
19.068,17.627,7.506,6.1029
19.383,17.815,7.8194,6.3008
19.284,17.862,7.6597,6.2389
19.025,17.524,7.4676,6.0557
18.843,17.325,7.326,5.9419
19.11,17.57,7.645,6.178
18.776,17.4,7.4228,6.0537
18.618,17.267,7.2882,5.9587
18.583,16.909,7.2145,5.7982
18.391,16.701,7.0971,5.7062
18.243,16.538,7.0088,5.6391
17.977,16.271,6.8895,5.5427
17.696,16.109,6.7757,5.4908
17.824,16.349,7.0991,5.7638
17.953,16.807,7.371,6.0707
18.027,16.708,7.2936,5.9638
17.729,16.407,7.1051,5.8035
17.726,16.528,7.3267,5.9894
18.043,16.796,7.6203,6.1975
18.135,16.708,7.5096,6.0715
18.154,16.586,7.3966,5.9529
18.649,16.901,7.7561,6.1854
18.601,17.041,7.8857,6.3278
18.729,17.418,8.0522,6.5316
19.154,17.78,8.2978,6.7079
19.659,17.88,8.5458,6.7778
20.003,18.06,8.7169,6.8664
19.887,17.865,8.4239,6.6315
19.96,18.048,8.5291,6.7446
19.523,17.975,8.1539,6.5724
19.741,18.019,8.3406,6.6507
19.283,17.756,7.9802,6.4271
19.608,17.975,8.2245,6.584
19.438,17.651,7.98,6.3495
19.912,17.795,8.2826,6.4895
19.694,17.578,8.0228,6.3026
19.864,17.616,8.2205,6.4111
20.147,17.665,8.4311,6.5068
20.347,17.75,8.5886,6.6005
20.339,18.275,8.6559,6.8333
20.299,18.587,8.7005,6.9707
20.206,18.408,8.4294,6.7414
20.098,18.128,8.1944,6.5099
19.894,18.114,7.9608,6.4017
19.546,17.963,7.7083,6.2639
19.384,17.588,7.5521,6.0662
19.23,17.4,7.4198,5.9566
18.906,17.203,7.2444,5.8568
18.709,17.126,7.1324,5.8107
18.412,17.109,6.9975,5.7908
18.277,16.796,6.9326,5.6704
18.46,17.011,7.2696,5.9263
18.677,17.228,7.5659,6.1442
18.942,17.572,7.8364,6.3751
19.21,17.827,8.0717,6.5469
18.943,17.465,7.805,6.3022
19.381,17.85,8.1044,6.5278
19.671,18.162,8.3186,6.7024
19.898,18.466,8.4869,6.8549
20.168,18.654,8.6506,6.9528
20.417,18.771,8.7902,7.0158
20.523,19.072,8.8672,7.1355
20.67,19.252,8.9496,7.2038
20.719,19.48,8.9903,7.2835
21.02,19.682,9.1136,7.3483
20.489,19.381,8.6494,7.0505
20.645,19.472,8.7682,7.1117
20.504,19.563,8.7689,7.1658
20.417,19.558,8.7832,7.1807
20.217,19.509,8.4658,6.9941
19.861,19.018,8.1375,6.6825
19.979,19.161,8.3039,6.8115
20.203,19.276,8.4845,6.9137
20.448,19.486,8.6513,7.0358
20.734,19.372,8.8139,7.0318
20.915,19.63,8.9241,7.1543
20.985,19.822,8.9843,7.242
21.256,20.067,9.1076,7.3396
21.525,20.103,9.2204,7.357
21.02,20.028,8.766,7.1497
20.658,19.639,8.4159,6.8647
20.826,19.688,8.5833,6.9507
20.917,19.728,8.702,7.0205
20.673,19.426,8.4002,6.7777
20.885,19.615,8.5864,6.9208
20.57,19.285,8.2772,6.6813
20.706,19.659,8.453,6.9009
20.963,19.772,8.6473,7.0041
20.892,19.668,8.704,7.018
20.998,19.976,8.811,7.1697
21.354,20.277,8.9922,7.3035
21.561,20.322,9.1051,7.3368
21.802,20.471,9.2191,7.4017
21.624,20.137,8.888,7.1088
21.847,20.469,9.033,7.2699
21.482,19.911,8.6681,6.9204
21.415,20.038,8.7408,7.0335
21.441,19.786,8.5465,6.8164
21.061,19.325,8.241,6.5539
20.762,19.007,8.0013,6.372
20.127,18.621,7.6708,6.1866
20.233,18.684,7.9212,6.3593
20.503,18.905,8.1913,6.5602
20.933,19.091,8.4818,6.7215
21.036,19.212,8.6252,6.8388
21.057,19.27,8.721,6.9188
21.214,19.261,8.8493,6.9643
21.009,18.937,8.5473,6.7081
20.513,18.61,8.1859,6.4836
20.501,18.422,8.0373,6.3354
20.228,18.254,7.821,6.2138
19.825,17.938,7.5847,6.0558
19.843,18.097,7.8072,6.2627
20.087,18.371,8.0729,6.4786
20.268,18.414,8.2802,6.5865
20.089,18.192,8.0472,6.4019
20.177,18.523,8.2267,6.6165
20.521,18.62,8.4686,6.7246
20.662,18.799,8.6132,6.846
21.034,19.143,8.8189,7.0095
21.483,19.228,9.0311,7.0683
21.211,18.94,8.6864,6.8062
21.039,18.836,8.7108,6.8261
21.199,18.94,8.841,6.9114
21.39,18.859,8.9668,6.9215
21.611,19.147,9.0898,7.0557
21.308,18.942,8.7295,6.8218
21.374,18.992,8.8331,6.8927
21.257,19.187,8.858,7.0036
20.981,18.717,8.5319,6.6875
20.607,18.505,8.2143,6.4994
20.759,18.717,8.4074,6.6668
20.742,18.97,8.5139,6.8272
20.926,19.164,8.6739,6.9481
21.136,19.252,8.8237,7.0186
20.721,19.123,8.45,6.8206
20.401,18.668,8.156,6.5382
20.506,18.806,8.3343,6.6785
20.652,19.033,8.5017,6.8307
20.855,19.217,8.667,6.9496
20.405,19.094,8.2969,6.7641
20.357,18.939,8.1124,6.5952
20.268,19.099,8.2277,6.7426
20.084,18.663,8.002,6.4794
20.329,18.817,8.2442,6.6351
20.131,18.55,8.0126,6.44
20.443,18.668,8.2783,6.5861
20.534,18.904,8.4333,6.7525
20.61,19.159,8.5613,6.9048
20.307,19.181,8.251,6.7745
20.602,19.349,8.4771,6.9021
20.302,19.192,8.1812,6.7173
20.784,19.192,8.4847,6.7965
20.894,19.376,8.6251,6.9263
20.647,19.222,8.3339,6.7395
20.606,19.344,8.4405,6.8584
20.464,19.138,8.2064,6.6638
20.093,18.715,7.9252,6.4199
19.94,18.539,7.7553,6.2905
19.242,18.327,7.4149,6.1655
18.966,18.058,7.2578,6.035
19.014,18.26,7.5151,6.2648
18.996,18.298,7.707,6.4038
18.649,18.276,7.4656,6.3157
18.615,18.056,7.362,6.1743
18.53,17.794,7.2575,6.0356
18.294,17.501,7.1153,5.9016
18.454,17.85,7.4125,6.1873
18.339,17.591,7.2824,6.0404
18.128,17.514,7.1372,5.9738
18.137,17.336,7.0866,5.8815
18.267,17.215,7.3724,6.0011
18.699,17.327,7.7185,6.1766
18.955,17.643,7.9606,6.3954
19.206,17.866,8.1702,6.5554
19.059,17.732,7.9274,6.3877
19.274,17.88,8.1339,6.5264
19.089,17.663,7.8866,6.3359
19.304,18.029,8.1008,6.5561
19.374,18.147,8.2367,6.6651
19.775,18.277,8.4678,6.764
19.562,17.944,8.174,6.5064
19.467,17.889,7.962,6.3777
19.664,17.918,8.1709,6.481
19.878,18.147,8.3586,6.6376
19.705,17.677,8.1005,6.3495
19.87,18.014,8.2838,6.5582
20.048,18.193,8.4479,6.6872
20.095,18.405,8.5457,6.812
19.881,18.173,8.2503,6.5854
19.668,17.916,7.9962,6.3806
19.316,17.778,7.7279,6.2443
19.027,17.424,7.5145,6.051
19.376,17.846,7.8373,6.3336
19.479,18.096,8.0308,6.5204
19.196,17.718,7.7743,6.2825
19.435,18.073,8.0198,6.5102
19.161,17.831,7.7665,6.3206
19.18,17.911,7.935,6.4499
19.014,17.823,7.7244,6.3183
18.724,17.507,7.5003,6.1276
18.962,17.914,7.7741,6.3934
19.069,18.037,7.9647,6.5283
19.082,18.037,7.8073,6.4175
19.109,18.118,7.9687,6.5375
19.403,18.096,8.1974,6.6045
19.695,18.322,8.3981,6.7449
19.317,18.095,8.0561,6.5285
19.457,18.266,8.2241,6.6626
19.383,18.403,8.0072,6.5842
19.099,18.193,7.7509,6.4038
18.851,18.067,7.5398,6.277
18.704,17.902,7.3919,6.1544
18.478,17.689,7.2359,6.0311
18.649,17.678,7.5226,6.1737
18.366,17.575,7.3218,6.0778
18.857,17.827,7.7018,6.3005
18.626,17.613,7.4964,6.1486
18.509,17.407,7.3577,6.0186
18.552,17.687,7.58,6.2561
18.518,18.076,7.7393,6.4985
18.168,17.813,7.4741,6.304
18.304,17.603,7.4098,6.1521
18.072,17.458,7.2337,6.0426
18.347,17.684,7.542,6.2586
18.379,17.93,7.7234,6.4513
18.521,18.017,7.9136,6.5645
18.999,18.137,8.1928,6.6727
18.841,18.067,7.9352,6.5162
18.627,17.913,7.6956,6.3554
18.471,17.607,7.5085,6.1646
18.362,17.519,7.3647,6.0731
18.534,17.684,7.625,6.2646
18.151,17.47,7.3675,6.1139
18.443,17.962,7.6616,6.4105
18.222,17.752,7.4512,6.2452
18.564,18.036,7.751,6.4557
18.734,18.392,7.9529,6.6641
18.605,18.168,7.7356,6.4648
19.007,18.271,8.0221,6.589
19.323,18.615,8.2457,6.7784
19.409,18.928,8.3646,6.9367
19.282,18.843,8.104,6.7567
19.452,18.883,8.2734,6.8319
19.706,18.981,8.4504,6.9157
19.886,19.283,8.5817,7.0595
19.549,19.061,8.2305,6.8235
19.432,18.699,8.0012,6.5713
19.358,18.689,7.8215,6.4735
19.357,18.531,7.696,6.3407
19.195,18.295,7.5347,6.1978
19.275,18.374,7.7642,6.3637
19.14,18.183,7.5974,6.2271
18.913,18.161,7.4219,6.1672
18.967,18.307,7.6516,6.3576
19.211,18.679,7.9111,6.598
18.694,18.45,7.5841,6.4176
18.618,18.323,7.4469,6.2961
18.921,18.485,7.7488,6.4749
19.372,18.72,8.062,6.6537
19.187,18.444,7.8306,6.4488
19.584,18.593,8.1207,6.601
19.978,18.838,8.3759,6.765
20.201,19.333,8.5443,6.9954
20.35,19.486,8.668,7.0859
20.137,19.286,8.3621,6.8598
19.731,19.037,8.0316,6.6481
19.879,19.182,8.2213,6.7842
19.679,19.116,7.9767,6.6459
19.952,18.952,8.2179,6.6771
19.854,18.771,8.0122,6.5093
19.675,18.728,8.0948,6.5942
19.648,18.258,7.9244,6.3322
19.777,18.418,8.1226,6.5018
19.517,18.192,7.8697,6.3307
19.484,17.837,7.7299,6.1364
19.722,17.947,7.9931,6.3082
20.068,18.19,8.2584,6.5004
20.273,18.333,8.443,6.6329
20.144,18.078,8.2001,6.4264
20.406,18.328,8.4169,6.6049
20.086,17.996,8.1172,6.3761
19.736,17.993,7.8449,6.2901
19.593,17.842,7.6789,6.1673
19.464,17.55,7.541,6.0121
19.254,17.577,7.3934,5.9863
18.923,17.02,7.2211,5.7613
18.887,16.89,7.1711,5.7073
18.556,16.704,7.024,5.6388
18.761,17.012,7.3629,5.9296
18.425,16.742,7.1763,5.796
18.559,16.987,7.4587,6.0378
18.815,17.076,7.7401,6.1916
18.558,16.848,7.5178,6.0288
18.39,16.751,7.3548,5.9313
18.248,16.777,7.2231,5.8905
18.67,17.068,7.5915,6.1327
19.125,17.325,7.923,6.3301
19.458,17.614,8.1727,6.5129
19.859,17.868,8.4165,6.6623
19.929,17.836,8.522,6.6979
20.113,18.1,8.6515,6.8268
20.318,18.575,8.7741,7.0152
20.086,18.395,8.4434,6.7777
19.982,18.005,8.2027,6.5015
19.749,17.815,7.9535,6.3292
19.879,17.943,8.1506,6.4726
19.39,17.853,7.8159,6.3379
19.594,18.117,8.0488,6.5292
19.976,18.416,8.3133,6.7085
19.751,18.028,8.0481,6.4458
20.045,18.195,8.2872,6.5904
20.212,18.496,8.4531,6.7627
20.209,18.496,8.5388,6.8116
20.212,18.73,8.6126,6.9333
20.643,18.884,8.8233,7.0148
20.729,18.979,8.8958,7.0677
20.465,18.782,8.5489,6.8291
20.889,19.053,8.7776,6.9703
21.142,19.229,8.9241,7.0637
20.954,18.956,8.614,6.8076
20.641,18.569,8.3036,6.5455
20.45,18.269,8.0769,6.3459
20.597,18.555,8.2852,6.5582
20.33,18.348,8.0326,6.3884
19.718,18.004,7.6902,6.1929
19.999,17.998,7.9845,6.3198
20.326,18.292,8.2552,6.5294
20.464,18.681,8.4266,6.7458
20.583,18.796,8.5679,6.8434
20.762,18.847,8.7116,6.907
20.369,18.595,8.3509,6.6718
20.136,18.186,8.0909,6.4136
20.166,18.272,8.2443,6.5406
19.883,18.32,7.9771,6.4537
19.957,18.412,8.1552,6.5806
20.039,18.458,8.3099,6.673
19.756,18.12,8.0272,6.4348
19.465,17.588,7.7786,6.1582
19.811,17.884,8.071,6.383
19.59,17.608,7.8416,6.1968
19.8,17.647,8.0801,6.3256
19.809,17.888,8.2159,6.5038
19.789,18.161,8.3201,6.6704
19.861,18.465,8.4382,6.8289
19.819,18.086,8.2117,6.5509
19.941,18.38,8.366,6.7235
19.614,18.304,8.0553,6.5648
19.354,18.183,7.8076,6.4153
18.965,17.986,7.5465,6.2612
19.246,18.378,7.8369,6.5156
18.912,18.206,7.5864,6.3592
19.297,18.326,7.9046,6.5085
19.094,17.826,7.691,6.238
18.961,17.726,7.5303,6.1366
18.764,17.566,7.3705,6.029
18.999,17.775,7.6671,6.2452
19.423,18.091,7.9879,6.4679
19.77,18.412,8.2428,6.6638
19.49,18.168,7.9631,6.4583
19.536,18.192,7.8327,6.3725
19.254,18.048,7.612,6.2445
19.424,18.293,7.8629,6.4519
19.674,18.525,8.1056,6.6269
19.483,18.291,7.8756,6.4348
19.061,18.087,7.5974,6.2786
18.843,17.663,7.4219,6.0661
18.756,17.486,7.3153,5.9628
19.195,17.678,7.6935,6.1821
19.465,17.938,7.963,6.393
19.216,17.611,7.7298,6.1894
19.258,17.743,7.9148,6.3524
19.308,17.992,8.0731,6.5319
19.131,17.698,7.8403,6.3181
19.405,17.984,8.0843,6.5149
19.531,18.193,8.246,6.6609
19.476,17.959,8.0346,6.452
19.734,17.924,8.2534,6.5234
19.428,17.8,7.9611,6.3669
19.627,18.068,8.1697,6.5527
19.652,18.266,8.2901,6.6913
20.164,18.692,8.5612,6.8917
19.998,18.279,8.2824,6.5989
20.081,18.522,8.4179,6.7524
19.866,18.179,8.1426,6.5009
19.622,17.757,7.8954,6.2532
19.721,17.771,8.0864,6.3679
19.569,17.726,7.8756,6.2612
19.317,17.435,7.6595,6.0854
19.466,17.594,7.8971,6.2698
19.347,17.332,7.72,6.0984
18.973,17.14,7.4796,5.9724
18.655,17.003,7.2859,5.8818
18.406,16.839,7.1388,5.7933
18.727,17.139,7.4928,6.0583
18.93,17.447,7.7561,6.2888
18.673,16.947,7.5353,6.0281
18.483,16.753,7.3658,5.9011
18.18,16.586,7.1796,5.7992
18.579,16.89,7.5451,6.0555
18.152,16.822,7.2881,5.9648
18.062,16.948,7.1773,5.9548
18.309,17.065,7.4854,6.1312
18.066,16.929,7.2928,6.0099
17.841,16.934,7.1305,5.954
18.035,17.204,7.4198,6.1828
18.439,17.588,7.7394,6.4196
19.014,17.78,8.0779,6.5632
18.862,17.535,7.8419,6.3535
19.048,17.977,8.0452,6.5922
18.763,17.64,7.7705,6.3527
18.925,17.745,7.9733,6.4787
19.294,18.006,8.2206,6.641
19.099,17.977,7.9562,6.4997
18.872,17.667,7.7179,6.2847
19.168,17.713,7.9808,6.4027
18.922,17.535,7.7342,6.2413
18.763,17.326,7.5508,6.0912
19.081,17.681,7.8458,6.3396
18.717,17.398,7.5776,6.1515
19.138,17.567,7.9025,6.3265
19.219,17.688,8.069,6.4603
18.989,17.577,7.8153,6.3112
19.044,17.491,7.6951,6.1932
18.536,17.109,7.4007,5.9898
18.305,16.942,7.2351,5.8845
18.577,17.146,7.551,6.103
18.634,17.229,7.4619,6.0653
18.916,17.239,7.7543,6.1948
18.741,16.916,7.5614,6.0037
18.508,16.988,7.3755,5.9719
18.904,17.15,7.718,6.1621
18.61,16.905,7.4896,6.0004
18.576,16.89,7.3805,5.9386
18.476,16.643,7.266,5.8071
18.551,16.853,7.5139,6.0309
18.368,16.837,7.346,5.9617
18.784,17.087,7.6952,6.1789
18.961,17.158,7.9174,6.3053
19.114,17.464,8.1007,6.4924
19.01,17.135,7.8808,6.2557
18.996,17.164,7.7258,6.1718
18.761,17.11,7.5202,6.0751
18.545,16.896,7.3475,5.938
18.988,16.974,7.7136,6.1013
18.668,17.074,7.4801,6.0641
18.519,16.599,7.3346,5.8374
18.855,16.968,7.6636,6.1097
18.99,17.318,7.8788,6.34
18.678,17.173,7.6205,6.1874
18.609,17.12,7.4786,6.0882
18.711,16.932,7.4188,5.9584
18.97,17.221,7.7139,6.193
19.42,17.428,8.0341,6.3679
19.224,17.176,7.8052,6.1776
19.293,17.528,7.9875,6.4037
19.316,17.926,8.1259,6.6183
19.569,18.05,8.3216,6.7161
19.426,17.694,8.0686,6.4515
19.337,17.211,7.8714,6.1755
19.641,17.481,8.1284,6.3748
19.114,17.537,7.7763,6.2921
19.357,17.894,8.0197,6.5127
19.284,17.501,7.834,6.2642
19.58,17.67,8.0927,6.423
19.728,17.815,8.2671,6.552
19.522,17.623,8.0069,6.3633
19.756,17.918,8.2237,6.553
19.602,17.776,7.9899,6.3851
19.605,17.589,7.8451,6.2259
19.924,17.853,8.1218,6.4274
20.058,18.256,8.2992,6.6514
19.829,18.203,8.0376,6.5084
20.033,18.314,8.2498,6.6289
19.965,18.165,8.052,6.4588
19.659,17.975,7.8018,6.299
19.573,17.689,7.6603,6.1271
18.996,17.519,7.3661,6.0163
18.672,17.373,7.1911,5.9282
18.783,17.511,7.4714,6.1306
18.382,17.506,7.2432,6.0701
17.983,17.37,7.0407,5.975
17.919,17.137,6.9764,5.8585
18.179,17.331,7.3189,6.0847
18.17,17.127,7.2316,5.9572
18.363,17.456,7.5156,6.2126
18.147,17.252,7.329,6.0669
18.006,17.24,7.1929,6.0062
17.626,17.072,6.992,5.9019
17.715,17.239,7.2604,6.109
18.144,17.449,7.6042,6.3005
18.544,17.567,7.8945,6.4341
18.631,17.757,8.0441,6.5737
18.416,17.458,7.7787,6.3431
18.437,17.283,7.6308,6.1844
18.607,17.419,7.8481,6.3382
18.726,17.888,8.0174,6.5854
18.461,17.865,7.742,6.4517
18.373,17.571,7.5647,6.2471
18.24,17.286,7.3987,6.0708
18.106,17.235,7.2567,5.9978
18.318,17.575,7.54,6.2539
18.566,17.916,7.7953,6.4767
18.719,17.827,7.6961,6.3398
19.037,18.009,7.9641,6.5014
19.25,18.137,8.1631,6.6228
19.321,18.502,8.2876,6.8091
19.396,18.231,8.106,6.5727
19.675,18.362,8.3172,6.6903
19.226,18.06,7.9627,6.4585
19.477,18.502,8.1818,6.698
19.217,18.1,7.9081,6.4346
19.425,18.285,8.1204,6.59
19.605,18.435,8.2957,6.713
20.055,18.643,8.5429,6.84
19.755,18.678,8.2165,6.7084
19.938,18.742,8.3891,6.7946
19.586,18.572,8.0655,6.6035
19.301,18.339,7.8064,6.4172
19.495,18.41,8.0344,6.5436
19.712,18.46,8.2392,6.6437
19.671,18.198,8.041,6.4366
19.424,17.891,7.8024,6.241
19.072,17.68,7.5582,6.1028
18.894,17.525,7.4042,6.0014
18.835,17.121,7.3128,5.8249
18.445,17.036,7.1178,5.7788
18.585,17.2,7.4129,6.0055
18.833,17.411,7.7,6.2139
18.669,17.308,7.5175,6.101
18.255,17.044,7.2731,5.9492
18.128,16.94,7.1559,5.8706
18.304,17.229,7.4455,6.1211
18.198,17.102,7.3069,6.0102
18.338,17.101,7.5603,6.1415
18.182,16.839,7.3861,5.9763
18.66,17.213,7.7427,6.2336
18.858,17.544,7.9595,6.4439
18.994,17.769,8.1259,6.5928
19.473,18.056,8.3875,6.7451
19.868,18.23,8.5948,6.8429
19.53,18.291,8.241,6.7051
19.861,18.322,8.4528,6.7677
19.533,18.387,8.1245,6.6484
19.717,18.53,8.3042,6.7622
19.737,18.661,8.4041,6.8577
19.616,18.463,8.1514,6.6432
19.459,18.288,7.9238,6.4668
19.2,17.985,7.693,6.2704
19.049,17.729,7.5303,6.114
19.032,17.502,7.4375,5.987
19.205,17.571,7.7111,6.1589
19.51,17.831,7.9905,6.3703
19.545,18.144,8.1404,6.572
20.063,18.231,8.4334,6.6718
19.873,17.86,8.1636,6.4153
19.736,17.639,7.9499,6.2421
19.634,17.452,7.7802,6.1031
19.477,17.195,7.616,5.9579
19.677,17.471,7.885,6.1974
19.334,17.16,7.6396,6.0175
19.366,17.464,7.8402,6.2551
19.719,17.701,8.1204,6.4379
19.973,17.86,8.3323,6.5704
20.082,18.008,8.4682,6.6821
19.861,17.817,8.1827,6.4782
20.1,18.053,8.3842,6.6343
20.417,18.327,8.5882,6.7848
20.536,18.554,8.7017,6.9027
20.171,18.314,8.3444,6.6627
20.205,18.372,8.459,6.7425
20.478,18.81,8.6396,6.9424
20.633,18.899,8.7593,7.0027
20.484,18.738,8.4711,6.7845
20.25,18.439,8.1953,6.5499
20.059,18.161,7.9718,6.3529
20.206,18.513,8.1833,6.5835
20.238,18.625,8.3244,6.7017
20.37,19.056,8.479,6.9145
20.264,18.718,8.2421,6.6553
19.78,18.367,7.9083,6.4242
19.941,18.47,8.1252,6.5616
20.18,18.799,8.3392,6.7581
19.823,18.396,8.031,6.4941
19.743,18.175,7.8585,6.3252
19.862,18.275,8.0676,6.4721
20.099,18.633,8.2876,6.6874
19.717,18.355,7.9762,6.4731
19.891,18.344,8.1842,6.5622
20.191,18.614,8.4079,6.7335
19.951,18.457,8.1297,6.5529
20.066,18.691,8.2997,6.717
20.23,18.795,8.4634,6.8161
19.923,18.468,8.1538,6.5686
20.119,18.678,8.3474,6.722
19.896,18.543,8.0825,6.5533
20.295,18.811,8.3583,6.7321
19.978,18.484,8.0652,6.4995
20.136,18.722,8.2617,6.6751
19.822,18.441,7.9801,6.465
20.077,18.524,8.2195,6.591
19.847,18.318,7.9718,6.4147
19.48,18.124,7.7093,6.2665
19.956,18.158,8.0601,6.3988
19.655,17.948,7.8101,6.2422
19.263,17.607,7.559,6.0602
19.227,17.449,7.7464,6.1433
19.066,17.287,7.5714,6.024
18.841,16.966,7.3983,5.8648
18.727,16.656,7.2861,5.7269
18.764,16.651,7.2426,5.7102
18.286,16.595,7.0267,5.678
18.054,16.325,6.9175,5.5754
17.922,16.183,6.8544,5.5265
17.61,16.185,6.7341,5.5319
17.499,16.013,6.694,5.4758
17.635,16.394,7.0274,5.7969
17.485,16.338,6.9218,5.7391
17.514,15.898,6.8912,5.559
17.787,16.339,7.2379,5.8816
17.933,16.105,7.2021,5.7461
17.631,16.246,7.025,5.7551
17.842,16.339,7.331,5.9348
18.098,16.546,7.6074,6.1251
18.349,17.14,7.8446,6.4206
18.863,17.419,8.1408,6.5783
19.237,17.811,8.3587,6.7565
19.588,18.021,8.547,6.8568
20.09,18.438,8.7687,7.0173
20.411,18.597,8.9111,7.0772
20.148,18.644,8.5511,6.9076
19.514,18.355,8.1108,6.6529
19.747,18.585,8.3096,6.7953
19.488,18.499,8.0243,6.6283
19.416,18.419,7.8439,6.4889
19.488,18.471,8.0264,6.5989
19.325,18.345,7.8131,6.4476
19.621,18.41,8.0767,6.5669
19.854,18.492,8.285,6.6743
19.875,18.834,8.3935,6.8563
20.089,19.109,8.5522,6.9959
20.244,19.555,8.6726,7.1798
20.581,19.728,8.842,7.2539
20.568,19.777,8.875,7.2792
20.417,19.375,8.565,6.9608
20.665,19.464,8.7275,7.036
20.397,19.201,8.404,6.7957
20.115,18.929,8.1191,6.5844
20.07,19.261,8.2397,6.7941
19.872,18.939,7.9997,6.5674
19.465,18.693,7.7187,6.3953
19.414,18.522,7.5974,6.2715
19.627,18.465,7.8718,6.3838
19.84,18.345,8.1075,6.4532
19.838,18.514,8.2369,6.608
20.133,18.736,8.4478,6.7605
20.306,19.193,8.5927,6.9753
20.33,19.442,8.6693,7.0975
20.119,19.259,8.3632,6.8738
19.841,19.077,8.0761,6.6818
19.568,18.859,7.8289,6.5048
19.836,18.874,8.0893,6.6136
19.655,18.481,7.8719,6.3801
19.375,18.067,7.6497,6.1658
19.644,18.473,7.9336,6.445
19.734,18.524,8.1163,6.5643
19.383,18.184,7.8315,6.3465
19.433,18.684,8.0076,6.6293
19.602,18.819,8.198,6.7537
19.758,19.032,8.3587,6.8886
20.091,19.212,8.5603,6.9962
20.213,19.431,8.6678,7.1055
19.926,19.159,8.3315,6.8493
20.13,19.388,8.4987,6.9851
20.273,19.578,8.6246,7.0921
20.028,19.142,8.3118,6.7861
20,18.931,8.1182,6.5955
20.079,18.971,8.2791,6.7001
19.881,18.875,8.0329,6.5592
19.904,19.113,8.1839,6.7377
19.533,18.836,7.886,6.5314
19.433,18.595,7.7207,6.3639
19.441,18.732,7.9021,6.5315
19.872,18.937,8.2025,6.6982
20.175,19.252,8.4234,6.8816
20.276,19.274,8.549,6.9433
20.058,18.982,8.2583,6.7026
19.764,18.823,7.9808,6.5389
20.039,18.888,8.2253,6.6584
20.059,18.474,8.0629,6.4104
20.04,18.785,8.2008,6.6269
19.861,18.57,7.973,6.4502
19.826,18.032,7.8273,6.184
19.681,17.619,7.667,5.9892
19.197,17.231,7.4086,5.8237
19.437,17.579,7.7171,6.1142
19.326,17.467,7.5726,6.0222
19.403,17.694,7.8002,6.2423
19.74,17.847,8.0829,6.4064
20.096,18.195,8.3366,6.614
19.91,17.979,8.0853,6.4194
20.225,18.209,8.3307,6.5888
20.137,17.927,8.119,6.3762
19.957,17.81,7.9078,6.248
19.829,17.577,7.7442,6.0977
19.475,17.448,7.524,6.0027
19.782,17.509,7.8469,6.1677
19.752,17.72,8.0071,6.3583
19.998,17.905,8.2362,6.514
19.867,17.748,8.017,6.3471
19.926,17.605,7.8964,6.2086
19.72,17.317,7.7058,6.0393
19.951,17.532,7.9794,6.2471
20.223,17.685,8.2296,6.4046
19.887,17.721,7.9486,6.3157
19.646,17.394,7.7356,6.1182
19.655,17.176,7.6384,5.9821
19.587,17.545,7.8154,6.2493
20.002,17.892,8.1297,6.4737
20.18,18.138,8.3238,6.6363
19.931,17.88,8.0561,6.4219
20.266,18.182,8.3144,6.6124
20.464,18.299,8.4944,6.7168
20.152,18.087,8.1867,6.5095
20.459,18.155,8.4219,6.6111
20.591,18.255,8.5683,6.7087
20.622,18.234,8.3722,6.567
20.728,18.463,8.5235,6.7197
20.446,18.21,8.2308,6.503
20.506,18.438,8.3827,6.6653
20.774,18.676,8.5851,6.8112
20.712,18.586,8.3607,6.6427
20.998,18.718,8.5803,6.7602
20.943,18.895,8.6549,6.878
20.449,18.618,8.2745,6.6408
20.286,18.338,8.0549,6.4334
20.223,18.359,8.1865,6.5393
19.964,18.116,7.9393,6.3537
19.507,17.998,7.6543,6.2359
19.868,18.18,7.9756,6.4213
19.757,18.03,7.8031,6.2824
19.525,17.911,7.6136,6.1736
19.154,17.829,7.3987,6.093
18.893,17.496,7.2463,5.936
19.272,17.775,7.6207,6.1908
18.95,17.708,7.4128,6.1071
18.888,17.742,7.3202,6.0714
19.118,17.973,7.6286,6.2936
19.014,17.591,7.4894,6.09
18.769,17.867,7.608,6.3193
18.657,17.451,7.4569,6.0959
18.562,17.276,7.3338,5.9806
18.747,17.352,7.6117,6.149
18.811,17.229,7.5201,6.0389
18.603,17.095,7.3521,5.9403
18.826,17.493,7.642,6.2216
19.059,17.761,7.894,6.4221
19.167,17.935,8.0689,6.5645
19.033,17.577,7.8462,6.3214
18.948,17.273,7.6734,6.126
19.208,17.631,7.934,6.367
19.054,17.39,7.7286,6.1872
18.798,17.08,7.5175,6.0068
18.689,16.932,7.3845,5.9041
18.424,16.813,7.2155,5.8246
18.711,17.245,7.5447,6.1293
18.615,17.351,7.4079,6.0979
18.308,17.142,7.2178,5.967
18.693,17.524,7.5765,6.2396
18.463,17.212,7.387,6.0544
18.792,17.215,7.7023,6.1826
19.453,17.324,8.0906,6.3256
19.067,17.262,7.7884,6.2041
19.587,17.153,8.1237,6.2698
19.33,17.022,7.8647,6.1286
19.057,16.802,7.6347,5.9769
19.331,17.175,7.9106,6.2331
19.651,17.538,8.1662,6.4534
19.675,17.693,8.2883,6.5766
19.493,17.402,8.0313,6.346
19.343,17.07,7.8216,6.1306
19.501,17.427,8.0359,6.3633
19.251,17.389,7.7909,6.2478
19.012,17.063,7.582,6.051
18.923,16.72,7.4533,5.8714
19.002,16.856,7.6866,6.0604
18.833,16.823,7.5109,5.9802
18.752,16.49,7.3901,5.8088
18.534,16.433,7.239,5.7529
18.842,16.739,7.576,6.0127
18.499,16.74,7.3525,5.948
18.755,17.156,7.65,6.2215
19.141,17.366,7.9509,6.3907
18.761,17.34,7.6625,6.2712
18.721,17.587,7.8139,6.4506
18.498,17.261,7.587,6.2262
18.273,17.114,7.3901,6.0908
18.632,17.331,7.7086,6.2833
18.865,17.323,7.9418,6.3719
18.751,17.143,7.7366,6.2019
18.358,16.944,7.4648,6.0488
18.852,16.945,7.821,6.1677
19.116,17.434,8.0543,6.4352
18.889,17.226,7.8002,6.2485
18.574,16.887,7.5502,6.0416
18.45,16.636,7.3976,5.89
18.668,16.997,7.6719,6.1517
18.505,16.879,7.4883,6.0304
18.448,16.832,7.3674,5.9513
18.148,16.471,7.1803,5.7758
18.588,16.76,7.5588,6.0268
18.247,16.481,7.3298,5.864
18.496,16.643,7.6192,6.0559
18.377,16.423,7.4533,5.9041
18.412,16.762,7.6518,6.1478
18.208,16.839,7.4478,6.0862
18.576,17.054,7.7566,6.2694
18.342,16.89,7.5307,6.1136
18.658,17.094,7.8121,6.29
18.834,17.416,8.0093,6.4834
18.614,17.409,7.7549,6.3564
18.371,17.046,7.5272,6.1291
18.444,17.307,7.7257,6.328
18.615,17.476,7.9273,6.4691
18.398,17.187,7.6795,6.2501
18.277,17.078,7.4991,6.1214
18.133,16.862,7.3372,5.9743
17.897,16.52,7.1655,5.8017
17.876,16.38,7.0909,5.719
17.734,16.275,6.9864,5.6588
17.373,16.115,6.8176,5.5865
17.188,16.006,6.7272,5.5394
16.7,15.959,6.5397,5.5191
17.096,16.211,6.9604,5.7856
17.27,16.147,6.9581,5.7212
17.509,16.352,7.2718,5.9419
17.48,16.37,7.1599,5.8817
17.649,16.764,7.4224,6.1464
17.481,16.535,7.242,5.9802
17.815,16.723,7.547,6.1625
18.361,17.051,7.885,6.3672
18.762,16.904,8.1361,6.3865
19.266,17.309,8.3955,6.585
19.412,17.516,8.5093,6.696
19.891,17.513,8.7232,6.7234
19.978,17.847,8.786,6.8614
20.222,18.088,8.8955,6.9555
19.954,17.805,8.5294,6.6766
19.997,17.684,8.3214,6.4908
19.598,17.404,7.9942,6.2774
19.408,17.314,7.7809,6.1585
19.212,17.325,7.595,6.093
19.158,17.081,7.4847,5.9498
18.835,16.806,7.2953,5.8125
18.793,17.218,7.5093,6.1125
19.185,17.526,7.8384,6.3361
19.421,17.75,8.0713,6.5026
19.674,18.025,8.2801,6.6656
19.872,18.316,8.4446,6.8154
19.975,18.481,8.5568,6.907
20.12,18.69,8.6691,7.0035
19.832,18.498,8.3289,6.7679
19.989,18.8,8.4766,6.9202
20.285,18.929,8.6547,6.9977
20.61,19.207,8.8244,7.118
21.045,19.555,9.0167,7.2515
21.145,19.833,9.0775,7.3502
21.146,19.913,9.0979,7.3737
21.113,19.773,8.8141,7.1346
21.265,19.913,8.9275,7.2122
21.341,19.986,9.0015,7.2581
21.594,20.26,9.1285,7.3688
21.767,20.581,9.2164,7.4869
21.886,20.604,9.2776,7.4921
22.083,20.639,9.3607,7.5017
21.82,20.555,8.9879,7.2852
21.409,20.271,8.6131,7.0318
21.57,20.299,8.7731,7.1031
21.555,20.42,8.8499,7.1963
21.642,20.659,8.9504,7.3193
21.688,20.798,9.0236,7.3948
21.812,21.017,9.1143,7.4902
21.614,20.802,8.7941,7.2418
21.14,20.504,8.4208,6.9984
21.243,20.348,8.5817,7.0177
21.415,20.421,8.7445,7.1097
21.638,20.595,8.9051,7.2243
21.925,20.408,9.07,7.1992
21.838,20.516,9.0875,7.2752
21.56,20.144,8.7442,6.9915
21.933,20.24,8.9632,7.0892
21.599,19.695,8.6235,6.7665
21.726,19.576,8.7763,6.8113
21.788,19.619,8.8856,6.9017
21.747,19.609,8.9439,6.9603
21.873,19.722,9.0497,7.0519
21.582,19.446,8.7094,6.8128
21.721,19.496,8.8516,6.9015
21.39,19.356,8.5237,6.728
21.764,19.463,8.7732,6.8479
21.736,19.319,8.8525,6.8635
22.018,19.638,9.0279,7.0336
22.047,19.526,9.0959,7.0359
21.664,19.271,8.722,6.8001
21.098,18.924,8.3299,6.5639
20.806,18.837,8.0794,6.4484
20.494,18.48,7.8531,6.2545
20.389,18.838,8.01,6.5153
20.704,18.882,8.2871,6.6324
20.921,18.953,8.4944,6.7405
20.425,18.703,8.1388,6.5376
20.145,18.389,7.8997,6.3393
20.106,18.195,7.7763,6.2065
19.703,18.045,7.5437,6.1061
19.879,18.201,7.8249,6.3066
19.971,18.394,8.0352,6.4902
20.173,18.396,8.2524,6.5829
20.027,18.185,8.0316,6.4018
19.984,18.261,8.166,6.528
20.164,18.447,8.3539,6.6733
20.191,18.41,8.4648,6.723
19.966,18.111,8.1824,6.4884
20.137,18.298,8.3638,6.6354
20.298,18.541,8.5185,6.7834
19.85,18.502,8.1534,6.6325
20.247,18.652,8.4149,6.7556
20.388,18.795,8.5583,6.8603
20.806,18.974,8.7796,6.9646
20.426,18.854,8.414,6.7696
20.645,19.254,8.5911,6.968
20.723,19.447,8.6977,7.0744
20.503,19.329,8.3981,6.8773
20.164,19.168,8.0981,6.6946
20.089,19.244,8.2132,6.8032
20.297,19.193,8.4074,6.8517
20.148,18.982,8.165,6.6515
19.954,18.698,7.9419,6.4532
20.158,18.91,8.1748,6.6351
20.003,18.408,7.9639,6.3608
19.53,17.916,7.6709,6.1203
19.8,18.17,7.9572,6.3484
19.926,18.229,8.1544,6.4767
19.935,18.255,7.9953,6.3911
19.615,17.93,7.7487,6.1989
19.857,18.041,8.015,6.3635
19.524,17.911,7.7575,6.2368
19.2,18.106,7.8201,6.4235
18.902,18.023,7.5836,6.3047
19.065,18.245,7.8235,6.4926
18.901,18.105,7.6286,6.3467
19.305,18.366,7.9454,6.5439
18.94,18.111,7.6685,6.3535
18.669,18.081,7.458,6.2656
19.063,18.2,7.792,6.4266
19.071,18.074,7.6622,6.2955
19.372,18.148,7.9436,6.4357
19.182,17.737,7.7301,6.2026
19.489,18.049,8.006,6.43
19.21,18.017,7.7556,6.3259
19.07,17.773,7.5859,6.1653
18.712,17.317,7.3638,5.951
18.386,17.472,7.1781,5.9731
18.087,17.444,7.0217,5.9318
17.993,17.197,6.9546,5.8207
17.911,17.023,6.9001,5.7463
17.809,16.648,6.845,5.6095
18.102,16.726,7.218,5.8233
17.829,16.429,7.0539,5.6898
17.894,16.117,7.0255,5.5647
17.538,16.081,6.8589,5.5472
17.303,15.953,6.7503,5.4997
17.165,15.646,6.686,5.3945
17.275,15.615,6.7146,5.3935
17.4,15.906,7.0317,5.6847
17.783,16.318,7.3872,5.9743
18.136,16.637,7.685,6.1949
18.433,16.917,7.9263,6.3748
18.916,16.948,8.2008,6.4497
19.317,17.346,8.4201,6.6362
19.474,17.642,8.5356,6.7701
19.547,17.388,8.3172,6.5178
19.516,17.233,8.1029,6.3335
19.396,17.655,8.1796,6.5589
19.734,17.646,8.399,6.6111
19.893,17.879,8.5326,6.7376
20.41,18.256,8.7747,6.9004
20.726,18.757,8.9262,7.0907
20.601,18.724,8.6222,6.8973
21.008,18.85,8.8376,6.9746
20.938,19.194,8.8659,7.1191
21.15,19.461,8.986,7.224
21.432,19.518,9.1188,7.2482
21.718,19.53,9.2419,7.2542
21.79,19.715,9.2811,7.3198
21.418,19.289,8.8725,6.984
21.616,19.547,9.0035,7.112
21.385,19.273,8.6829,6.8578
21.553,19.415,8.8331,6.9658
21.662,19.519,8.9438,7.0467
21.746,19.767,9.0322,7.168
21.631,19.84,9.0395,7.2164
21.447,19.477,8.7296,6.9236
21.112,19.138,8.4104,6.676
21.279,19.202,8.5947,6.7823
21.459,19.448,8.7596,6.9372
21.581,19.546,8.8836,7.0219
21.738,19.666,9.004,7.1037
21.763,19.723,9.0651,7.1538
21.485,19.325,8.7226,6.8554
21.122,18.861,8.3961,6.5706
20.739,18.741,8.1027,6.4402
20.319,18.379,7.8312,6.2425
20.358,18.498,8.0375,6.4173
20.523,18.725,8.2553,6.6039
20.608,18.8,8.4149,6.7129
20.515,18.684,8.2017,6.5561
20.68,18.971,8.3981,6.7456
20.452,18.76,8.1431,6.5562
20.527,18.814,8.3151,6.667
20.634,18.929,8.4727,6.7824
20.768,19.234,8.618,6.9478
20.889,19.421,8.7398,7.0547
20.722,19.018,8.4577,6.7617
20.762,19.12,8.5754,6.8631
21.002,19.478,8.7456,7.0403
21.195,19.777,8.8803,7.1785
20.935,19.296,8.5539,6.8495
21.094,19.309,8.7055,6.9143
21.184,19.468,8.8141,7.0195
20.998,19.216,8.5239,6.7861
20.621,18.842,8.2074,6.5408
20.143,18.676,7.8936,6.3987
19.828,18.474,7.6732,6.2628
19.899,18.694,7.8996,6.473
20.273,18.878,8.1979,6.6416
20.406,18.977,8.3745,6.7576
20.336,18.696,8.1686,6.5422
20.096,18.454,7.9352,6.3675
20.184,18.355,8.1334,6.4467
20.504,18.517,8.3835,6.6006
20.244,18.231,8.1132,6.3949
20.107,17.806,7.9222,6.1663
20.355,17.961,8.1795,6.3476
20.112,17.901,7.944,6.2458
20.212,17.87,8.1457,6.3516
20.428,18.186,8.3578,6.5589
20.549,18.109,8.5101,6.6059
20.209,17.725,8.1931,6.3518
20.534,18.067,8.4355,6.5632
20.664,18.288,8.5818,6.7081
20.47,18.103,8.3081,6.5112
20.52,18.252,8.4447,6.6408
20.543,18.278,8.2644,6.5273
20.75,18.454,8.4659,6.6699
20.38,18.05,8.1526,6.4091
20.434,18.185,8.3129,6.5497
20.132,17.976,8.0377,6.368
19.783,17.855,7.7804,6.2417
19.46,17.677,7.5635,6.1137
19.721,17.743,7.8626,6.2685
20.053,17.755,8.1451,6.3802
19.747,17.663,7.8827,6.2539
19.597,17.374,7.7076,6.0784
19.955,17.619,8.0209,6.2919
19.46,17.246,7.7096,6.0792
19.369,17.225,7.5745,6.0135
19.291,16.927,7.4641,5.8621
18.999,16.729,7.2944,5.7624
18.648,16.42,7.1229,5.6351
18.438,16.129,7.018,5.5267
18.217,16.203,6.9201,5.5555
18.262,16.661,7.208,5.8958
18.432,16.906,7.4915,6.1168
18.34,16.869,7.3545,6.0259
18.525,17.073,7.6211,6.2173
18.529,16.915,7.4981,6.0736
18.729,17.155,7.7522,6.2704
18.404,16.979,7.5014,6.1137
18.426,16.627,7.4015,5.9179
18.849,16.873,7.7458,6.1341
19.131,16.947,7.9979,6.2614
19.48,17.201,8.241,6.4315
19.615,17.632,8.3834,6.6414
19.853,17.766,8.5428,6.7289
20.131,18.077,8.6987,6.8663
19.901,18.239,8.3741,6.754
19.964,18.433,8.4842,6.8627
19.888,18.203,8.2425,6.6289
19.75,18.042,8.0162,6.4513
19.672,17.864,7.8446,6.2927
19.443,17.588,7.646,6.1214
19.175,17.44,7.4589,6.0161
19.321,17.503,7.7244,6.1788
19.037,17.182,7.5135,5.9996
19.569,17.711,7.9008,6.3195
19.681,18.055,8.0941,6.5367
19.932,18.094,8.3078,6.6233
20.396,18.266,8.5683,6.7419
20.448,18.534,8.6617,6.8792
20.179,18.195,8.3411,6.6087
19.887,18.082,8.0554,6.4506
19.724,17.736,7.852,6.2348
19.898,18.003,8.0808,6.4413
19.839,18.324,8.1958,6.6395
20.117,18.621,8.4081,6.8062
20.409,18.874,8.6002,6.9392
20.244,18.426,8.3242,6.6325
19.911,17.956,8.0292,6.3542
19.838,17.903,7.8629,6.2536
19.761,18.148,8.0052,6.4549
20.159,18.302,8.2886,6.5975
20.478,18.648,8.5115,6.7875
20.515,18.69,8.6113,6.8521
20.176,18.514,8.2769,6.6473
20.191,18.605,8.396,6.7475
20.322,18.668,8.5367,6.8241
19.948,18.324,8.1951,6.5651
20.27,18.739,8.4269,6.7862
20.452,19.093,8.5832,6.9621
20.553,19.248,8.6928,7.0508
20.144,18.977,8.322,6.7982
20.383,19.211,8.5109,6.9383